사명,자산총계(억),부채총계(억),자본총계(억),부채비율,매출액증가율,배당수익률,보통주배당금,PER(배),ROE(%),PBR(배),최근_종가,부채비율_점수,매출액증가율_점수,배당수익률_점수,PER(배)_점수,ROE(%)_점수
삼성전자,5145319.0,1123399.0,4021920.0,0.27931908143374307,16.2,0.013971014492753623,1446.0,21.45,9.03,1.7,103500.0,9.0,8.0,5.0,7.0,5.0
SK하이닉스,1198552.0,459395.0,739157.0,0.6215120738895796,102.02,0.004051470588235294,2204.0,11.09,31.06,3.76,544000.0,8.0,10.0,2.0,4.0,10.0
현대차,3397984.0,2195225.0,1202759.0,1.8251578246348603,7.73,0.045889101338432124,12000.0,6.57,12.43,0.6,261500.0,3.0,6.0,10.0,2.0,7.0
HD현대중공업,193909.0,136865.0,57044.0,2.3992882687048596,21.08,0.003772563176895307,2090.0,37.71,11.39,7.54,554000.0,3.0,8.0,2.0,9.0,7.0
KB금융,7578455.0,6980304.0,598151.0,11.6698024411896,9.77,0.025658852061438964,3174.0,8.49,8.86,0.76,123700.0,1.0,7.0,7.0,3.0,5.0
기아,927559.0,369156.0,558403.0,0.6610924368243007,7.66,0.05701754385964912,6500.0,5.78,19.09,0.75,114000.0,8.0,6.0,10.0,1.0,9.0
한화에어로스페이스,433369.0,319726.0,113643.0,2.813424496009433,42.47,0.003989571263035921,3443.0,15.79,53.94,4.94,863000.0,2.0,10.0,2.0,6.0,10.0
셀트리온,210552.0,34752.0,175800.0,0.19767918088737202,63.45,0.003968682505399568,735.0,58.52,2.46,2.43,185200.0,10.0,10.0,2.0,10.0,2.0
SK스퀘어,219211.0,23356.0,195855.0,0.11925148706951572,169.41,0.0,0.0,5.69,21.7,1.62,301000.0,10.0,10.0,1.0,1.0,9.0
NAVER,381679.0,111670.0,270009.0,0.4135788066323715,11.03,0.004493041749502982,1130.0,18.17,7.9,1.38,251500.0,9.0,7.0,3.0,6.0,5.0
삼성물산,619904.0,247319.0,372585.0,0.6637921548103117,0.5,0.01123110151187905,2600.0,18.97,6.83,0.92,231500.0,7.0,3.0,4.0,7.0,4.0
신한지주,7397643.0,6809432.0,588211.0,11.576512509966662,74.77,0.027586206896551724,2160.0,8.0,8.11,0.65,78300.0,1.0,10.0,7.0,3.0,5.0
한화오션,178438.0,129805.0,48633.0,2.669072440523924,45.46,0.0,0.0,27.89,11.52,6.18,110500.0,3.0,10.0,1.0,8.0,7.0
한국전력,2468078.0,2054450.0,413628.0,4.966902627481699,5.87,0.004104046242774566,213.0,4.05,9.22,0.72,51900.0,2.0,5.0,2.0,1.0,6.0
삼성생명,3122188.0,2794809.0,327379.0,8.53692203837143,9.21,0.029335071707953065,4500.0,14.35,6.18,0.87,153400.0,1.0,6.0,8.0,5.0,4.0
HD한국조선해양,367191.0,225633.0,141558.0,1.5939261645403298,19.92,0.011943793911007026,5100.0,14.9,11.16,2.42,427000.0,4.0,8.0,5.0,5.0,6.0
HD현대일렉트릭,37955.0,22880.0,15075.0,1.5177446102819236,22.92,0.006704260651629073,5350.0,46.69,39.34,16.17,798000.0,4.0,9.0,3.0,9.0,10.0
현대모비스,665969.0,204787.0,461182.0,0.44404811983121634,-3.41,0.019704433497536946,6000.0,6.76,9.35,0.57,304500.0,8.0,2.0,6.0,2.0,6.0
카카오,257730.0,118301.0,139429.0,0.8484676788903313,4.16,0.0011390284757118929,68.0,113.9,0.56,2.48,59700.0,7.0,5.0,2.0,10.0,1.0
하나금융지주,6378475.0,5942706.0,435769.0,13.63728489176605,17.1,0.03858520900321544,3600.0,6.76,9.11,0.58,93300.0,1.0,8.0,9.0,2.0,5.0
고려아연,147923.0,71969.0,75954.0,0.9475340337572742,24.2,0.013207547169811321,17500.0,85.65,2.28,3.1,1325000.0,6.0,9.0,5.0,10.0,2.0
POSCO홀딩스,1034042.0,419538.0,614504.0,0.6827262312369,-5.76,0.03194888178913738,10000.0,56.29,2.0,0.43,313000.0,7.0,1.0,8.0,10.0,1.0
삼성화재,872695.0,716673.0,156022.0,4.5934099037315255,8.8,0.039014373716632446,19000.0,12.2,13.11,1.24,487000.0,2.0,6.0,9.0,4.0,8.0
삼성중공업,171946.0,134452.0,37494.0,3.58596042033392,23.64,0.0,0.0,63.25,1.77,5.41,25300.0,2.0,9.0,1.0,10.0,1.0
현대로템,52854.0,32763.0,20091.0,1.6307301776915037,22.0,0.0011160714285714285,200.0,28.24,21.85,6.77,179200.0,4.0,9.0,2.0,8.0,10.0
우리금융지주,5257533.0,4898581.0,358952.0,13.646897078160869,11.03,0.04597701149425287,1200.0,6.74,9.39,0.56,26100.0,1.0,7.0,10.0,2.0,6.0
삼성전기,127924.0,37765.0,90159.0,0.4188711054914096,15.76,0.007058823529411765,1800.0,28.61,8.16,2.1,255000.0,8.0,8.0,3.0,8.0,5.0
메리츠금융지주,1155782.0,1046482.0,109300.0,9.574400731930467,-20.47,0.012453874538745387,1350.0,8.63,23.44,1.8,108400.0,1.0,1.0,5.0,3.0,10.0
효성중공업,62188.0,41632.0,20556.0,2.0252967503405332,13.82,0.0025,5000.0,42.78,14.9,8.53,2000000.0,3.0,8.0,2.0,9.0,8.0
SK,2149778.0,1346902.0,802876.0,1.6775965404371285,-3.19,0.027559055118110236,7000.0,10.89,-5.64,0.5,254000.0,4.0,2.0,7.0,4.0,1.0
HMM,338486.0,59930.0,278556.0,0.2151452490702049,39.27,0.031578947368421054,600.0,7.39,15.35,0.7,19000.0,10.0,10.0,8.0,2.0,8.0
KT&G,139252.0,45668.0,93584.0,0.48798939989741835,0.79,0.0375,5400.0,15.53,12.66,1.62,144000.0,8.0,3.0,9.0,5.0,7.0
기업은행,4722198.0,4379887.0,342311.0,12.79505186803813,13.3,0.05246305418719212,1065.0,5.99,8.06,0.46,20300.0,1.0,7.0,10.0,1.0,5.0
HD현대,738667.0,474816.0,263851.0,1.799561115932856,10.49,0.017866004962779156,3600.0,22.18,6.36,1.48,201500.0,3.0,7.0,6.0,7.0,4.0
두산,301431.0,182536.0,118895.0,1.5352706169309054,-5.21,0.0022471910112359553,2000.0,319.27,-14.57,9.31,890000.0,4.0,1.0,2.0,10.0,1.0
LS ELECTRIC,44852.0,25951.0,18901.0,1.3729961377704882,7.6,0.006209850107066381,2900.0,52.67,13.44,7.02,467000.0,5.0,6.0,3.0,9.0,8.0
LG전자,656296.0,404179.0,252117.0,1.6031406053538635,6.64,0.0117096018735363,1000.0,14.37,1.81,0.68,85400.0,4.0,6.0,4.0,5.0,1.0
삼성에스디에스,132383.0,35329.0,97054.0,0.36401384796092895,4.15,0.017129356172474897,2900.0,17.08,8.42,1.36,169300.0,9.0,4.0,5.0,6.0,5.0
KT,418800.0,238834.0,179966.0,1.327106231177,0.21,0.03968253968253968,2000.0,13.13,2.85,0.69,50400.0,5.0,3.0,9.0,5.0,2.0
미래에셋증권,1371770.0,1249133.0,122637.0,10.18561282484079,9.22,0.01126126126126126,250.0,13.35,7.94,1.06,22200.0,1.0,7.0,4.0,5.0,5.0
현대글로비스,168491.0,80398.0,88093.0,0.9126491321671415,10.61,0.022465088038858532,3700.0,8.88,13.24,1.26,164700.0,6.0,7.0,6.0,3.0,8.0
LG,316393.0,35066.0,281327.0,0.12464498608380994,-3.62,0.03929024081115336,3100.0,17.8,2.16,0.44,78900.0,10.0,2.0,9.0,6.0,2.0
크래프톤,79195.0,10903.0,68292.0,0.159652667955251,41.83,0.0,0.0,9.78,21.1,1.61,256000.0,10.0,10.0,1.0,4.0,9.0
한미반도체,7109.0,1700.0,5409.0,0.31429099648733594,251.5,0.005792437650844731,720.0,49.62,27.43,18.0,124300.0,9.0,10.0,3.0,9.0,10.0
SK텔레콤,305153.0,186876.0,118277.0,1.5799859651496064,1.89,0.06629213483146068,3540.0,19.55,10.83,0.97,53400.0,4.0,4.0,10.0,7.0,6.0
삼양식품,15948.0,7667.0,8281.0,0.9258543654148049,44.86,0.0022664835164835167,3300.0,29.67,39.37,10.05,1456000.0,6.0,10.0,2.0,8.0,10.0
SK바이오팜,10368.0,4628.0,5740.0,0.8062717770034843,54.3,0.0,0.0,33.94,58.01,16.17,139100.0,7.0,10.0,1.0,8.0,10.0
이수페타시스,7901.0,4626.0,3275.0,1.4125190839694657,23.92,0.0009774436090225565,143.0,74.37,24.92,15.05,146300.0,5.0,9.0,2.0,10.0,10.0
한국항공우주,80255.0,62984.0,17271.0,3.646806785941752,-4.86,0.004591368227731864,500.0,77.45,10.42,5.96,108900.0,2.0,1.0,3.0,10.0,6.0
카카오뱅크,628053.0,562652.0,65401.0,8.603110044188927,18.11,0.016628175519630486,360.0,22.48,6.95,1.54,21650.0,1.0,8.0,5.0,7.0,4.0
에이피알,5651.0,2416.0,3235.0,0.7468315301391035,37.98,0.0,0.0,42.89,41.34,28.55,266000.0,7.0,10.0,1.0,9.0,10.0
유한양행,29420.0,7914.0,21506.0,0.36799032828047984,11.23,0.004159733777038269,500.0,143.2,3.41,4.16,120200.0,9.0,7.0,3.0,10.0,2.0
포스코인터내셔널,173363.0,99869.0,73494.0,1.3588728331564481,-2.39,0.028810408921933085,1550.0,23.52,8.14,1.4,53800.0,5.0,2.0,7.0,8.0,5.0
한국금융지주,1092202.0,994857.0,97345.0,10.219908572602598,1.34,0.02443216697360344,3980.0,7.1,11.54,0.93,162900.0,1.0,3.0,6.0,2.0,7.0
DB손해보험,665061.0,571149.0,93912.0,6.081746741630463,10.49,0.05396825396825397,6800.0,5.12,18.98,0.85,126000.0,2.0,7.0,10.0,1.0,9.0
한화시스템,57240.0,33076.0,24164.0,1.3688131104121835,14.32,0.007551240560949299,350.0,14.71,19.63,1.82,46350.0,5.0,8.0,3.0,5.0,9.0
HD현대마린솔루션,11522.0,3787.0,7735.0,0.48959276018099546,22.02,0.01618705035971223,3150.0,32.92,44.98,11.18,194600.0,8.0,9.0,5.0,8.0,10.0
LIG넥스원,61253.0,48878.0,12375.0,3.9497373737373738,41.92,0.0061617458279845955,2400.0,26.64,19.59,6.02,389500.0,2.0,10.0,3.0,8.0,9.0
대한항공,470121.0,360489.0,109632.0,3.2881731611208407,10.92,0.034403669724770644,750.0,8.49,13.17,0.74,21800.0,2.0,7.0,8.0,3.0,8.0
NH투자증권,624271.0,543077.0,81194.0,6.688634628174496,-3.25,0.04578313253012048,950.0,9.87,8.73,0.87,20750.0,2.0,2.0,10.0,4.0,5.0
한국타이어앤테크놀로지,158497.0,46549.0,111948.0,0.41580912566548756,5.28,0.03350083752093802,2000.0,7.79,10.79,0.64,59700.0,8.0,5.0,8.0,3.0,6.0
아모레퍼시픽,67835.0,14575.0,53260.0,0.27365752910251595,5.75,0.008992805755395683,1125.0,54.61,11.69,1.6,125100.0,9.0,5.0,4.0,9.0,7.0
키움증권,556884.0,500565.0,56319.0,8.888030682362968,18.18,0.027726432532347505,7500.0,7.4,15.98,1.11,270500.0,1.0,8.0,7.0,2.0,8.0
삼성증권,622739.0,549497.0,73242.0,7.502484913028044,2.26,0.0440251572327044,3500.0,8.16,12.89,0.95,79500.0,2.0,4.0,9.0,3.0,7.0
한진칼,42072.0,8940.0,33132.0,0.2698297718218037,5.96,0.0035190615835777126,360.0,38.97,16.75,2.09,102300.0,10.0,5.0,2.0,9.0,8.0
LG유플러스,197077.0,109394.0,87683.0,1.247607860132523,1.76,0.04267892317793828,650.0,17.62,4.4,0.75,15230.0,5.0,4.0,9.0,6.0,3.0
코웨이,57616.0,25654.0,31962.0,0.802640635754959,8.66,0.02925472747497219,2630.0,11.38,19.38,1.87,89900.0,7.0,6.0,7.0,4.0,9.0
삼성카드,294941.0,210079.0,84862.0,2.4755367537885036,9.47,0.051188299817184646,2800.0,9.91,8.0,0.68,54700.0,3.0,7.0,10.0,4.0,5.0
한화,2520370.0,2124752.0,395618.0,5.370716195926374,4.73,0.010025062656641603,800.0,6.08,7.19,0.65,79800.0,2.0,5.0,4.0,1.0,4.0
LS,205279.0,136468.0,68811.0,1.9832294255278953,12.52,0.009060955518945634,1650.0,26.13,5.09,1.01,182100.0,3.0,7.0,4.0,8.0,3.0
한미약품,20208.0,7801.0,12407.0,0.6287579592165713,0.31,0.0027808676307007787,1250.0,49.38,11.89,4.81,449500.0,8.0,3.0,2.0,9.0,7.0
LG이노텍,113782.0,60243.0,53539.0,1.1252171314368964,2.89,0.00869022869022869,2090.0,18.19,8.92,1.04,240500.0,6.0,4.0,4.0,7.0,5.0
LG씨엔에스,45045.0,23817.0,21228.0,1.121961560203505,6.73,0.029027777777777777,1672.0,13.78,18.32,2.03,57600.0,6.0,6.0,7.0,5.0,9.0
두산밥캣,120096.0,51151.0,68945.0,0.7419102182899413,-12.38,0.028622540250447227,1600.0,12.37,8.77,0.77,55900.0,7.0,1.0,7.0,5.0,5.0
CJ,474970.0,297506.0,177464.0,1.6764301492133615,5.55,0.01662049861495845,3000.0,16.52,1.83,1.11,180500.0,4.0,5.0,5.0,6.0,1.0
GS,350634.0,165930.0,184704.0,0.8983562889812889,-2.62,0.04770318021201413,2700.0,9.41,4.12,0.37,56600.0,6.0,2.0,10.0,3.0,3.0
현대오토에버,33495.0,16190.0,17305.0,0.9355677549841086,21.16,0.009463051568314727,1780.0,28.7,10.4,2.88,188100.0,6.0,9.0,4.0,8.0,6.0
삼성E&A,100133.0,61176.0,38957.0,1.5703467926175014,-6.2,0.02558139534883721,660.0,9.19,19.65,1.11,25800.0,4.0,1.0,7.0,3.0,9.0
BNK금융지주,1524705.0,1413229.0,111476.0,12.677428325379454,3.8,0.04324683965402528,650.0,6.03,6.96,0.44,15030.0,1.0,4.0,9.0,1.0,4.0
엔씨소프트,39539.0,8904.0,30635.0,0.29064795168924434,-11.33,0.006838407494145199,1460.0,13.62,2.99,1.21,213500.0,9.0,1.0,3.0,5.0,2.0
넷마블,81771.0,27032.0,54739.0,0.4938343776831875,6.46,0.007838345864661655,417.0,42.53,0.49,0.81,53200.0,8.0,5.0,3.0,9.0,1.0
JB금융지주,667219.0,609971.0,57248.0,10.654887506987144,10.25,0.041372141372141374,995.0,6.7,12.8,0.77,24050.0,1.0,7.0,9.0,2.0,7.0
산일전기,4927.0,584.0,4343.0,0.13446926087957634,55.68,0.002898550724637681,420.0,36.59,29.88,8.85,144900.0,10.0,10.0,2.0,9.0,10.0
LG생활건강,74058.0,17199.0,56859.0,0.3024850947079618,0.1,0.012522361359570662,3500.0,74.85,3.44,0.83,279500.0,9.0,3.0,5.0,10.0,2.0
영원무역,53897.0,14941.0,38956.0,0.3835352705616593,-2.4,0.014893617021276596,1400.0,9.33,12.32,1.06,94000.0,9.0,2.0,5.0,3.0,7.0
오리온,43084.0,7344.0,35740.0,0.20548405148293228,6.59,0.023832221163012392,2500.0,7.86,16.57,1.15,104900.0,10.0,6.0,6.0,3.0,8.0
대한전선,26427.0,11466.0,14961.0,0.7663926208141167,15.73,0.0,0.0,93.31,5.85,2.72,22300.0,7.0,8.0,1.0,10.0,3.0
에코프로머티,12902.0,5526.0,7376.0,0.7491865509761388,-68.52,0.0,0.0,36.18,-5.56,3.46,57500.0,7.0,1.0,1.0,9.0,1.0
한국가스공사,576696.0,468433.0,108263.0,4.3268060186767405,-13.84,0.034808612440191386,1455.0,4.42,11.21,0.33,41800.0,2.0,1.0,8.0,1.0,6.0
강원랜드,47006.0,8170.0,38836.0,0.21037181996086105,2.76,0.06550951847704367,1170.0,10.54,12.09,0.92,17860.0,10.0,4.0,10.0,4.0,7.0
포스코DX,8925.0,3666.0,5259.0,0.6970907016543069,-0.85,0.00499001996007984,125.0,51.65,17.92,6.68,25050.0,7.0,2.0,3.0,9.0,9.0
한화엔진,14131.0,10198.0,3933.0,2.592931604373252,40.71,0.0,0.0,33.48,25.64,8.03,44400.0,3.0,10.0,1.0,8.0,10.0
KCC,131086.0,80692.0,50394.0,1.6012223677421915,5.89,0.023980815347721823,10000.0,3.14,6.08,0.41,417000.0,4.0,5.0,6.0,1.0,4.0
한전기술,9468.0,3694.0,5774.0,0.6397644613785937,1.52,0.010718884120171674,999.0,34.29,10.4,5.78,93200.0,8.0,3.0,4.0,8.0,6.0
현대엘리베이터,35738.0,22315.0,13423.0,1.6624450569917306,10.88,0.06773399014778325,5500.0,9.88,14.42,2.26,81200.0,4.0,7.0,10.0,4.0,8.0
CJ제일제당,301500.0,179072.0,122428.0,1.4626719377920083,1.16,0.02843601895734597,6000.0,57.98,1.97,0.43,211000.0,4.0,3.0,7.0,10.0,1.0
금호석유화학,83402.0,22980.0,60422.0,0.38032504716825,13.17,0.01875532821824382,2200.0,9.98,5.88,0.48,117300.0,9.0,7.0,6.0,4.0,3.0
에스원,23227.0,6620.0,16607.0,0.3986270849641717,7.02,0.03590425531914894,2700.0,15.78,10.85,1.48,75200.0,9.0,6.0,9.0,6.0,6.0
더존비즈온,10376.0,4828.0,5548.0,0.8702235039653929,13.45,0.005085287846481877,477.0,40.13,17.03,4.75,93800.0,6.0,8.0,3.0,9.0,8.0
한국앤컴퍼니,51364.0,6836.0,44528.0,0.15352137980596478,27.65,0.033783783783783786,1000.0,9.1,8.28,0.61,29600.0,10.0,9.0,8.0,3.0,5.0
풍산,40966.0,18973.0,21993.0,0.8626835811394534,10.4,0.026078234704112337,2600.0,15.64,11.33,1.21,99700.0,6.0,7.0,7.0,6.0,7.0
DB하이텍,23969.0,3962.0,20007.0,0.19803068925875944,-2.0,0.019339622641509433,1230.0,11.53,12.44,1.24,63600.0,10.0,2.0,6.0,4.0,7.0
HD현대인프라코어,42872.0,24400.0,18472.0,1.3209181463837159,-11.71,0.004771642808452625,70.0,20.49,5.92,1.39,14670.0,5.0,1.0,3.0,7.0,3.0
F&F,22859.0,7086.0,15773.0,0.4492487161605275,-4.17,0.023776223776223775,1700.0,7.81,25.27,1.55,71500.0,8.0,2.0,6.0,3.0,10.0
동서,17791.0,697.0,17094.0,0.04077454077454078,-0.17,0.03254113345521024,890.0,18.98,9.52,1.6,27350.0,10.0,3.0,8.0,7.0,6.0
농심,35975.0,9249.0,26726.0,0.34606749981291623,0.83,0.011185682326621925,5000.0,16.58,6.17,0.93,447000.0,9.0,3.0,4.0,6.0,4.0
HD현대마린엔진,4950.0,1856.0,3094.0,0.5998707175177763,29.23,0.0,0.0,26.33,28.34,7.23,80200.0,8.0,9.0,1.0,8.0,10.0
한솔케미칼,14647.0,3932.0,10715.0,0.366962202519832,0.61,0.008786610878661089,2100.0,17.59,13.48,2.44,239000.0,9.0,3.0,4.0,6.0,8.0
현대해상,485238.0,437804.0,47434.0,9.229750811654087,8.86,0.0,0.0,4.24,15.75,0.51,30150.0,1.0,6.0,1.0,1.0,8.0
미스토홀딩스,55364.0,28001.0,27363.0,1.023316156854146,6.54,0.027303754266211604,1200.0,15.17,4.3,1.18,43950.0,6.0,5.0,7.0,5.0,3.0
제일기획,33066.0,18325.0,14741.0,1.243131402211519,4.98,0.05394736842105263,1230.0,14.38,15.12,1.56,22800.0,5.0,5.0,10.0,5.0,8.0
일진전기,12490.0,7487.0,5003.0,1.4965020987407556,26.51,0.00546448087431694,300.0,30.54,10.6,4.67,54900.0,4.0,9.0,3.0,8.0,6.0
한미사이언스,13491.0,5104.0,8387.0,0.6085608680100155,2.85,0.007894736842105263,300.0,34.62,7.3,2.78,38000.0,8.0,4.0,3.0,9.0,5.0
한화생명,1601464.0,1458684.0,142780.0,10.21630480459448,7.91,0.0,0.0,4.88,6.98,0.17,2995.0,1.0,6.0,1.0,1.0,4.0
대덕전자,10887.0,2132.0,8755.0,0.24351798972015992,-1.93,0.008,400.0,98.05,2.73,2.96,50000.0,10.0,2.0,4.0,10.0,2.0
영원무역홀딩스,65767.0,15896.0,49871.0,0.31874235527661365,-1.14,0.0298050139275766,5350.0,7.5,13.17,0.74,179500.0,9.0,2.0,8.0,2.0,8.0
한전KPS,16902.0,3617.0,13285.0,0.272261949567181,1.52,0.04667296786389414,2469.0,16.94,13.26,1.81,52900.0,9.0,3.0,10.0,6.0,8.0
iM금융지주,941486.0,879429.0,62057.0,14.171310247030956,-2.58,0.034916201117318434,500.0,6.06,3.6,0.37,14320.0,1.0,2.0,8.0,1.0,2.0
신영증권,103796.0,85469.0,18327.0,4.663556501336825,-10.78,0.03541076487252125,5000.0,18.21,6.45,0.58,141200.0,2.0,1.0,8.0,7.0,4.0
SK가스,75396.0,48013.0,27383.0,1.7533871380053319,1.48,0.03219315895372234,8000.0,7.7,6.74,0.76,248500.0,3.0,3.0,8.0,3.0,4.0
효성,43409.0,18364.0,25045.0,0.7332401676981434,23.04,0.022123893805309734,3000.0,7.15,19.62,0.98,135600.0,7.0,9.0,6.0,2.0,9.0
아모레퍼시픽홀딩스,85405.0,15488.0,69917.0,0.22151980205100333,5.93,0.011599297012302284,330.0,23.34,7.57,0.74,28450.0,10.0,5.0,4.0,8.0,5.0
코리안리,131604.0,97075.0,34529.0,2.8114049060210258,-0.08,0.044821583986074845,515.0,6.16,9.45,0.58,11490.0,2.0,3.0,10.0,2.0,6.0
시프트업,8038.0,394.0,7644.0,0.05154369440083726,32.91,0.0,0.0,11.39,31.3,2.56,37300.0,10.0,9.0,1.0,4.0,10.0
CJ대한통운,97439.0,55183.0,42256.0,1.305921052631579,2.97,0.008658008658008658,800.0,8.39,6.58,0.45,92400.0,5.0,4.0,4.0,3.0,4.0
신세계,150718.0,86971.0,63747.0,1.364315183459614,3.36,0.020737327188940093,4500.0,55.71,2.54,0.42,217000.0,5.0,4.0,6.0,10.0,2.0
현대백화점,112177.0,49833.0,62344.0,0.7993231104837675,-0.47,0.015384615384615385,1400.0,11.6,-0.81,0.44,91000.0,7.0,3.0,5.0,4.0,1.0
대웅제약,19770.0,10500.0,9270.0,1.132686084142395,3.44,0.0034207525655644243,600.0,21.8,3.17,2.29,175400.0,6.0,4.0,2.0,7.0,2.0
HL만도,70520.0,43793.0,26727.0,1.6385303251393721,5.42,0.016241299303944315,700.0,17.07,5.47,0.84,43100.0,4.0,5.0,5.0,6.0,3.0
팬오션,102715.0,46181.0,56534.0,0.8168712633105741,18.35,0.03195739014647137,120.0,9.16,5.17,0.36,3755.0,7.0,8.0,8.0,3.0,3.0
동원산업,71582.0,39118.0,32464.0,1.2049655002464268,-0.05,0.022123893805309734,1000.0,6.08,2.74,0.61,45200.0,5.0,3.0,6.0,2.0,2.0
에스엘,36989.0,13016.0,23973.0,0.5429441454970175,2.78,0.02977667493796526,1200.0,5.95,17.42,0.75,40300.0,8.0,4.0,8.0,1.0,9.0
BGF리테일,34026.0,22185.0,11841.0,1.8735748669875856,6.15,0.038033395176252316,4100.0,9.87,17.29,1.48,107800.0,3.0,5.0,9.0,4.0,8.0
코스맥스,19337.0,14249.0,5088.0,2.8005110062893084,21.86,0.014241486068111455,2300.0,36.72,20.53,4.0,161500.0,3.0,9.0,5.0,9.0,9.0
씨에스윈드,36095.0,24092.0,12003.0,2.007164875447805,102.12,0.024096385542168676,1000.0,8.8,13.92,1.34,41500.0,3.0,10.0,6.0,3.0,8.0
금호타이어,53628.0,34580.0,19048.0,1.8154136917261654,12.14,0.0,0.0,6.58,21.77,0.91,5830.0,3.0,7.0,1.0,2.0,9.0
HD현대건설기계,33246.0,15308.0,17938.0,0.8533838778013156,-10.12,0.005285412262156448,500.0,18.83,6.18,0.92,94600.0,6.0,1.0,3.0,7.0,4.0
미래에셋생명,324936.0,299300.0,25636.0,11.674988297706351,-5.09,0.0,0.0,11.6,4.88,0.49,9270.0,1.0,1.0,1.0,4.0,3.0
GS건설,178033.0,127162.0,50871.0,2.4996953077391835,-4.26,0.015657620041753653,300.0,79.09,5.63,0.36,19160.0,3.0,2.0,5.0,10.0,3.0
다우기술,571479.0,508554.0,62925.0,8.081907032181167,17.97,0.03894297635605007,1400.0,3.63,13.16,0.47,35950.0,1.0,8.0,9.0,1.0,8.0
현대위아,70760.0,30497.0,40263.0,0.7574448004371259,0.19,0.01867572156196944,1100.0,11.04,3.45,0.44,58900.0,7.0,3.0,6.0,4.0,2.0
녹십자,27439.0,12629.0,14810.0,0.8527346387575963,3.27,0.011169024571854059,1500.0,27.82,-2.06,1.18,134300.0,7.0,4.0,4.0,8.0,1.0
이수스페셜티케미컬,2995.0,1779.0,1216.0,1.4629934210526316,182.54,0.0,0.0,725.35,9.7,12.0,51500.0,4.0,10.0,1.0,10.0,6.0
코스모신소재,7845.0,2890.0,4955.0,0.5832492431886983,-9.51,0.0,0.0,576.51,3.62,3.14,47850.0,8.0,1.0,1.0,10.0,2.0
SK리츠,50985.0,31361.0,19624.0,1.5980941704035874,36.13,0.012523719165085389,66.0,48.17,1.95,0.81,5270.0,4.0,9.0,5.0,9.0,1.0
DL이앤씨,97124.0,48667.0,48457.0,1.0043337391914482,4.1,0.0135,540.0,6.1,4.77,0.33,40000.0,6.0,4.0,5.0,2.0,3.0
오뚜기,35974.0,14159.0,21815.0,0.6490488196195279,2.45,0.023225806451612905,9000.0,15.32,6.86,0.63,387500.0,8.0,4.0,6.0,5.0,4.0
한국콜마,31267.0,16210.0,15057.0,1.0765756790861394,13.75,0.01094224924012158,720.0,13.62,12.5,1.8,65800.0,6.0,8.0,4.0,5.0,7.0
파라다이스,39338.0,18586.0,20752.0,0.8956245181187356,7.84,0.009068923821039904,150.0,15.11,4.97,0.84,16540.0,6.0,6.0,4.0,5.0,3.0
한국카본,8790.0,4047.0,4743.0,0.8532574320050601,24.79,0.0047272727272727275,130.0,21.55,4.38,2.56,27500.0,7.0,9.0,3.0,7.0,3.0
SNT다이내믹스,10341.0,2437.0,7904.0,0.3083248987854251,26.44,0.03058823529411765,1300.0,17.31,12.9,1.09,42500.0,9.0,9.0,8.0,6.0,7.0
DN오토모티브,50060.0,28353.0,21707.0,1.306168517068227,5.06,0.041407867494824016,1000.0,5.69,19.78,0.66,24150.0,5.0,5.0,9.0,1.0,9.0
대신증권,263961.0,230807.0,33154.0,6.961663750980274,6.21,0.04436229205175601,1200.0,12.97,4.57,0.55,27050.0,2.0,5.0,10.0,5.0,3.0
대웅,27207.0,12182.0,15025.0,0.8107820299500832,6.79,0.008438818565400843,200.0,17.7,5.99,0.89,23700.0,7.0,6.0,4.0,6.0,3.0
STX엔진,9688.0,6922.0,2766.0,2.502530730296457,14.95,0.0,0.0,18.62,10.15,4.04,33350.0,3.0,8.0,1.0,7.0,6.0
하이트진로,34415.0,22920.0,11495.0,1.9939103958242714,3.14,0.03729355354288759,700.0,15.37,8.63,1.11,18770.0,3.0,4.0,9.0,5.0,5.0
한일시멘트,29883.0,11495.0,18388.0,0.6251359582336307,-3.21,0.05711022272986865,1000.0,15.54,11.13,0.7,17510.0,8.0,2.0,10.0,6.0,6.0
HDC현대산업개발,74619.0,43473.0,31146.0,1.3957811596994798,1.56,0.035897435897435895,700.0,6.7,5.09,0.39,19500.0,5.0,4.0,9.0,2.0,3.0
지역난방공사,83622.0,60940.0,22682.0,2.6867119301648885,-9.7,0.035489478499542544,3879.0,3.84,9.65,0.57,109300.0,3.0,1.0,8.0,1.0,6.0
현대지에프홀딩스,100849.0,30927.0,69922.0,0.44230714224421497,181.78,0.02625,210.0,2.34,23.02,0.32,8000.0,8.0,10.0,7.0,1.0,10.0
오리온홀딩스,59332.0,10545.0,48787.0,0.21614364482341608,8.17,0.04022121669180493,800.0,7.63,7.03,0.5,19890.0,10.0,6.0,9.0,3.0,4.0
가온전선,10429.0,5892.0,4537.0,1.298655499228565,15.25,0.0,0.0,21.25,6.46,2.62,75000.0,5.0,8.0,1.0,7.0,4.0
SK케미칼,53670.0,23341.0,30329.0,0.7695934584061459,-0.69,0.016358463726884778,1150.0,16.0,0.41,0.59,70300.0,7.0,2.0,5.0,6.0,1.0
LX인터내셔널,89309.0,56113.0,33196.0,1.6903542595493433,14.63,0.06462035541195477,2000.0,10.43,7.12,0.41,30950.0,4.0,8.0,10.0,4.0,4.0
종근당,14588.0,5624.0,8964.0,0.6273984828201695,-4.97,0.01206896551724138,1050.0,20.25,12.76,1.21,87000.0,8.0,1.0,5.0,7.0,7.0
롯데렌탈,70066.0,55380.0,14686.0,3.770938308593218,1.46,0.036585365853658534,1200.0,9.6,7.51,0.78,32800.0,2.0,3.0,9.0,3.0,5.0
롯데리츠,26119.0,14583.0,11536.0,1.2641296809986131,16.58,0.028746928746928746,117.0,71.32,1.51,1.02,4070.0,5.0,8.0,7.0,10.0,1.0
SK오션플랜트,14219.0,7084.0,7135.0,0.9928521373510862,-28.43,0.0,0.0,45.28,2.34,1.5,18610.0,6.0,1.0,2.0,9.0,2.0
엠앤씨솔루션,3571.0,1917.0,1654.0,1.1590084643288996,54.16,0.011727416798732172,1480.0,26.79,21.82,6.45,126200.0,6.0,10.0,5.0,8.0,10.0
롯데정밀화학,27139.0,3452.0,23687.0,0.14573394689069954,-5.55,0.03107658157602664,1400.0,19.23,1.53,0.48,45050.0,10.0,1.0,8.0,7.0,1.0
롯데웰푸드,43417.0,21153.0,22264.0,0.950098814229249,-0.54,0.027182866556836903,3300.0,17.55,4.04,0.5,121400.0,6.0,2.0,7.0,6.0,3.0
에스디바이오센서,38885.0,9562.0,29323.0,0.3260921460969205,5.93,0.021551724137931036,200.0,10.08,-3.43,0.36,9280.0,9.0,5.0,6.0,4.0,1.0
더블유게임즈,16463.0,899.0,15564.0,0.057761500899511695,8.78,0.022857142857142857,1200.0,7.07,18.69,0.9,52500.0,10.0,6.0,6.0,2.0,9.0
코오롱인더,72481.0,34750.0,37731.0,0.9209933476451724,2.28,0.03194103194103194,1300.0,12.74,3.06,0.32,40700.0,6.0,4.0,8.0,5.0,2.0
SK디스커버리,150777.0,86243.0,64534.0,1.336396318219853,1.12,0.028192371475953566,1700.0,19.55,0.88,0.39,60300.0,5.0,3.0,7.0,7.0,1.0
ESR켄달스퀘어리츠,25030.0,14378.0,10652.0,1.3497934660157718,5.04,0.030855855855855856,137.0,170.38,0.9,0.94,4440.0,5.0,5.0,8.0,10.0,1.0
롯데칠성,43725.0,27941.0,15784.0,1.7702103395843893,24.8,0.028985507246376812,3400.0,16.94,3.99,0.76,117300.0,3.0,9.0,7.0,6.0,2.0
LS에코에너지,4887.0,2917.0,1970.0,1.4807106598984772,18.86,0.005714285714285714,200.0,25.62,19.0,5.32,35000.0,4.0,8.0,3.0,8.0,9.0
동양생명,345472.0,325805.0,19667.0,16.566075151268624,7.65,0.0,0.0,4.42,12.91,0.64,6540.0,1.0,6.0,2.0,1.0,7.0
한화투자증권,140181.0,123119.0,17062.0,7.215977024967764,26.75,0.0,0.0,22.53,2.37,0.6,4940.0,2.0,9.0,2.0,7.0,2.0
한샘,10673.0,7166.0,3507.0,2.043341887653265,-2.98,0.19061452513966481,8530.0,27.92,43.59,1.89,44750.0,3.0,2.0,10.0,8.0,10.0
교보증권,158983.0,139126.0,19857.0,7.006395729465679,-15.41,0.054884742041712405,500.0,6.9,6.09,0.49,9110.0,2.0,1.0,10.0,2.0,4.0
NICE평가정보,5857.0,1689.0,4168.0,0.4052303262955854,10.15,0.026558891454965358,460.0,12.26,19.48,2.27,17320.0,9.0,7.0,7.0,5.0,9.0
HDC,123983.0,72995.0,50988.0,1.431611359535577,4.94,0.02026635784597568,350.0,4.1,5.65,0.3,17270.0,5.0,5.0,6.0,1.0,3.0
쿠쿠홀딩스,13699.0,1735.0,11964.0,0.14501838849882984,7.97,0.04145077720207254,1200.0,7.36,12.08,0.71,28950.0,10.0,6.0,9.0,2.0,7.0
종목 평균,454646.97297297296,342595.3567567568,112051.61621621622,2.4211600525254697,14.06891891891892,0.021499035790313842,2058.2648648648646,31.506810810810812,11.24983783783784,2.3839459459459458,144485.7837837838,5.5027027027027025,5.4972972972972975,5.4972972972972975,5.4972972972972975,5.4972972972972975
